{
  "N74": 0.8861842105263158,
  "N47": 0.8722826086956522,
  "LOO": 0.7893817204301076
}