{
  "tag": "N47",
  "n_samples": 3680,
  "accuracies": {
    "hmm": 0.7497282608695652,
    "vq": 0.9703804347826087,
    "agreement": 0.9703804347826087,
    "soft": 0.9233695652173913,
    "conf_weighted": 0.9635869565217391,
    "margin_weighted": 0.9703804347826087,
    "oracle": 0.9826086956521739,
    "both_wrong": 0.017391304347826087,
    "only_hmm_right": 0.012228260869565218,
    "only_vq_right": 0.2328804347826087
  },
  "methods": {
    "hmm": {
      "per_class_auc": [
        0.9656716026044948,
        0.9640626640936778,
        0.9914211825246797,
        0.9805319260659525,
        0.8900982592942659,
        0.9222278014072675,
        0.9777776136841,
        0.20705750498844777,
        0.9799617005356018,
        0.49303914618777567
      ],
      "per_class_eer": [
        0.06582125603864734,
        0.09239130434782605,
        0.021739130434782594,
        0.057367149758454104,
        0.15368357487922704,
        0.1301328502415459,
        0.0464975845410628,
        0.7282608695652174,
        0.05344202898550725,
        0.5
      ],
      "macro_auc": 0.8371849401386264,
      "macro_eer": 0.18493357487922707,
      "accuracy": 0.7497282608695652
    },
    "vq": {
      "per_class_auc": [
        0.9990859982146607,
        0.9968805791850451,
        0.9992246573724008,
        0.9945537308338583,
        0.9967246901911363,
        0.997710893194707,
        0.9996997085696282,
        0.999875288804873,
        0.9938653578554926,
        0.9904620549779459
      ],
      "per_class_eer": [
        0.017210144927536232,
        0.016304347826086918,
        0.005434782608695676,
        0.01902173913043481,
        0.029891304347826053,
        0.022644927536231884,
        0.0027173913043477826,
        0.0030193236714975845,
        0.029287439613526572,
        0.02717391304347827
      ],
      "macro_auc": 0.9968082959199748,
      "macro_eer": 0.017270531400966176,
      "accuracy": 0.9703804347826087
    },
    "agreement": {
      "per_class_auc": [
        0.979394756878807,
        0.9594778867359799,
        0.9796868436252888,
        0.9604361938143248,
        0.7917807117727368,
        0.9611204644507456,
        0.9808158081285444,
        0.9949286848876285,
        0.910438491125814,
        0.9890098259294267
      ],
      "per_class_eer": [
        0.03804347826086951,
        0.06521739130434778,
        0.019625603864734303,
        0.057065217391304324,
        0.24969806763285024,
        0.07336956521739135,
        0.0392512077294686,
        0.005434782608695676,
        0.09993961352657005,
        0.03532608695652173
      ],
      "macro_auc": 0.9507089667349298,
      "macro_eer": 0.06829710144927537,
      "accuracy": 0.9703804347826087
    },
    "soft": {
      "per_class_auc": [
        0.9991270216341105,
        0.9968625288804873,
        0.9992262983091788,
        0.9945504489603023,
        0.9963948618987608,
        0.99770843178954,
        0.9997021699747952,
        0.999875288804873,
        0.9938719216026044,
        0.9904792848141146
      ],
      "per_class_eer": [
        0.017210144927536232,
        0.015096618357487922,
        0.005434782608695676,
        0.01902173913043481,
        0.03260869565217395,
        0.022644927536231884,
        0.0027173913043477826,
        0.0030193236714975845,
        0.028683574879227052,
        0.02717391304347827
      ],
      "macro_auc": 0.9967798256668766,
      "macro_eer": 0.017361111111111115,
      "accuracy": 0.9233695652173913
    },
    "conf_weighted": {
      "per_class_auc": [
        0.9991803520793952,
        0.996881399653434,
        0.9992886539067423,
        0.9944528132220123,
        0.9959797048939298,
        0.9974745982986767,
        0.9996972471644612,
        0.9997505776097458,
        0.993533888626339,
        0.9894709291640411
      ],
      "per_class_eer": [
        0.018417874396135264,
        0.016304347826086918,
        0.005434782608695676,
        0.01902173913043481,
        0.036533816425120776,
        0.026570048309178744,
        0.002717391304347826,
        0.007246376811594203,
        0.03260869565217395,
        0.03804347826086951
      ],
      "macro_auc": 0.9965710164618777,
      "macro_eer": 0.02028985507246377,
      "accuracy": 0.9635869565217391
    },
    "margin_weighted": {
      "per_class_auc": [
        0.9990769730623819,
        0.9968502218546524,
        0.9992230164356227,
        0.9945479875551354,
        0.9967558679899181,
        0.9977207388153749,
        0.9996997085696282,
        0.999873647868095,
        0.9938350005250998,
        0.9903537531505987
      ],
      "per_class_eer": [
        0.017210144927536232,
        0.016304347826086918,
        0.005434782608695676,
        0.01902173913043481,
        0.029287439613526572,
        0.022644927536231884,
        0.0027173913043477826,
        0.0030193236714975845,
        0.029891304347826053,
        0.028079710144927536
      ],
      "macro_auc": 0.9967936915826507,
      "macro_eer": 0.017361111111111105,
      "accuracy": 0.9703804347826087
    }
  }
}