{
  "tag": "LOO",
  "n_samples": 7440,
  "accuracies": {
    "hmm": 0.696505376344086,
    "vq": 0.9674731182795699,
    "agreement": 0.9665322580645161,
    "soft": 0.9326612903225806,
    "conf_weighted": 0.9583333333333334,
    "margin_weighted": 0.9655913978494624,
    "oracle": 0.9809139784946237,
    "both_wrong": 0.019086021505376343
  },
  "methods": {
    "hmm": {
      "per_class_auc": [
        0.8105294366079572,
        0.8096956054649863,
        0.7077466004419265,
        0.8094274305957017,
        0.5448167177323004,
        0.74810049491913,
        0.8234223047622717,
        0.6018257569918166,
        0.7432538764918231,
        0.51230553307383
      ],
      "per_class_eer": [
        0.2540322580645161,
        0.24074074074074073,
        0.293010752688172,
        0.24865591397849462,
        0.49298088410991636,
        0.31720430107526887,
        0.21370967741935487,
        0.43279569892473113,
        0.3104838709677419,
        0.4967144563918757
      ],
      "macro_auc": 0.7111123757081743,
      "macro_eer": 0.33003285543608124,
      "accuracy": 0.696505376344086
    },
    "vq": {
      "per_class_auc": [
        0.9992944351305867,
        0.9971560617155485,
        0.9993660956308372,
        0.9930380920723012,
        0.997542466373762,
        0.9986061330147352,
        0.9996972996235918,
        0.9994435772921725,
        0.9942302257165246,
        0.9918092248943359
      ],
      "per_class_eer": [
        0.01448626045400239,
        0.014784946236559127,
        0.006720430107526876,
        0.017921146953405017,
        0.0228494623655914,
        0.01448626045400239,
        0.0047789725209080045,
        0.011798088410991637,
        0.03091397849462363,
        0.03629032258064513
      ],
      "macro_auc": 0.9970183611464396,
      "macro_eer": 0.01750298685782556,
      "accuracy": 0.9674731182795699
    },
    "agreement": {
      "per_class_auc": [
        0.9156451532611347,
        0.9653956061073212,
        0.9693698532906823,
        0.9137751554450738,
        0.9526566976272143,
        0.890454981950386,
        0.9534744703947791,
        0.9648321578602534,
        0.8639996113873151,
        0.9684717886460863
      ],
      "per_class_eer": [
        0.17622461170848266,
        0.09677419354838712,
        0.09035244922341697,
        0.16920549581839905,
        0.12768817204301075,
        0.20803464755077658,
        0.11902628434886499,
        0.125,
        0.2231182795698925,
        0.10424133811230585
      ],
      "macro_auc": 0.9358075475970246,
      "macro_eer": 0.14396654719235363,
      "accuracy": 0.9665322580645161
    },
    "soft": {
      "per_class_auc": [
        0.9978285061856862,
        0.9960604790534552,
        0.9978094368648913,
        0.9928993878547295,
        0.981403598360761,
        0.9977885609768631,
        0.9997846170398633,
        0.9961184899346103,
        0.9920460859315785,
        0.9809457339319896
      ],
      "per_class_eer": [
        0.016129032258064502,
        0.027777777777777776,
        0.01448626045400239,
        0.019563918757467144,
        0.05913978494623651,
        0.021505376344086002,
        0.005376344086021501,
        0.03195937873357228,
        0.036738351254480286,
        0.05436081242532855
      ],
      "macro_auc": 0.9932684896134427,
      "macro_eer": 0.028703703703703693,
      "accuracy": 0.9326612903225806
    },
    "conf_weighted": {
      "per_class_auc": [
        0.9989166618491541,
        0.9970400399532381,
        0.9988855487468044,
        0.9929094243393585,
        0.9907353210390412,
        0.9984186514818668,
        0.9997025185955988,
        0.9989927384026412,
        0.9937277992960009,
        0.9889042647833404
      ],
      "per_class_eer": [
        0.016129032258064502,
        0.019563918757467144,
        0.00985663082437276,
        0.018817204301075252,
        0.0468936678614098,
        0.016129032258064502,
        0.004181600955794504,
        0.01687574671445639,
        0.03419952210274791,
        0.051075268817204256
      ],
      "macro_auc": 0.9958232968487044,
      "macro_eer": 0.0233721624850657,
      "accuracy": 0.9583333333333334
    },
    "margin_weighted": {
      "per_class_auc": [
        0.9991326469983686,
        0.9964719749232409,
        0.9991816250433576,
        0.9923489870376794,
        0.986212078146478,
        0.9982783414267546,
        0.9996511317942987,
        0.999183833069976,
        0.9934971608792281,
        0.983437391605966
      ],
      "per_class_eer": [
        0.015531660692951015,
        0.01627837514934289,
        0.008213859020310634,
        0.017473118279569877,
        0.05749701314217443,
        0.01762246117084827,
        0.004032258064516129,
        0.014784946236559127,
        0.037634408602150504,
        0.05913978494623651
      ],
      "macro_auc": 0.9947395170925347,
      "macro_eer": 0.02482078853046594,
      "accuracy": 0.9655913978494624
    }
  }
}