{
  "tag": "N74",
  "n_samples": 1520,
  "accuracies": {
    "hmm": 0.8592105263157894,
    "vq": 0.968421052631579,
    "agreement": 0.968421052631579,
    "soft": 0.9539473684210527,
    "conf_weighted": 0.9671052631578947,
    "margin_weighted": 0.968421052631579,
    "oracle": 0.9881578947368421,
    "both_wrong": 0.011842105263157895,
    "only_hmm_right": 0.019736842105263157,
    "only_vq_right": 0.12894736842105264
  },
  "methods": {
    "hmm": {
      "per_class_auc": [
        0.9824417128347184,
        0.980484379809172,
        0.9829322483841182,
        0.9731119190520161,
        0.9555295860264698,
        0.9590595183133273,
        0.9781375038473376,
        0.1672678131732841,
        0.9405009233610342,
        0.9305796014158202
      ],
      "per_class_eer": [
        0.02631578947368418,
        0.05921052631578949,
        0.03947368421052633,
        0.06578947368421051,
        0.10453216374269006,
        0.08552631578947367,
        0.029970760233918127,
        0.7609649122807017,
        0.14181286549707603,
        0.11915204678362573
      ],
      "macro_auc": 0.8850045206217297,
      "macro_eer": 0.1432748538011696,
      "accuracy": 0.8592105263157894
    },
    "vq": {
      "per_class_auc": [
        0.9999470991074177,
        0.9950225069252077,
        0.9999711449676824,
        0.9842451523545707,
        0.9968499923053247,
        0.9988361803631887,
        0.9984610649430594,
        0.9999374807633118,
        0.9864958448753463,
        0.9985139658356418
      ],
      "per_class_eer": [
        0.0021929824561403508,
        0.021929824561403508,
        0.0021929824561403508,
        0.052631578947368474,
        0.02631578947368418,
        0.01827485380116959,
        0.0043859649122807015,
        0.0021929824561403508,
        0.039473684210526314,
        0.013888888888888888
      ],
      "macro_auc": 0.995828043244075,
      "macro_eer": 0.018347953216374273,
      "accuracy": 0.968421052631579
    },
    "agreement": {
      "per_class_auc": [
        0.9856253847337643,
        0.9441318482610034,
        0.9569819559864573,
        0.951461026469683,
        0.9290021929824562,
        0.9694906124961528,
        0.9752135272391504,
        0.9999807633117882,
        0.9117468836565098,
        0.8374980763311789
      ],
      "per_class_eer": [
        0.019736842105263164,
        0.062134502923976605,
        0.04459064327485382,
        0.03947368421052633,
        0.11842105263157894,
        0.06725146198830409,
        0.03289473684210526,
        0.0007309941520467836,
        0.13815789473684215,
        0.19809941520467836
      ],
      "macro_auc": 0.9461132271468145,
      "macro_eer": 0.07214912280701755,
      "accuracy": 0.968421052631579
    },
    "soft": {
      "per_class_auc": [
        0.9999470991074177,
        0.9950754078177901,
        0.9999711449676824,
        0.984375,
        0.9970086949830717,
        0.9988361803631887,
        0.9984706832871653,
        0.9999374807633118,
        0.9864958448753463,
        0.9984754924592183
      ],
      "per_class_eer": [
        0.0021929824561403508,
        0.021929824561403508,
        0.0021929824561403508,
        0.052631578947368474,
        0.02631578947368418,
        0.01827485380116959,
        0.0043859649122807015,
        0.0021929824561403508,
        0.039473684210526314,
        0.014619883040935672
      ],
      "macro_auc": 0.9958593028624193,
      "macro_eer": 0.018421052631578953,
      "accuracy": 0.9539473684210527
    },
    "conf_weighted": {
      "per_class_auc": [
        0.999923053247153,
        0.9949744152046783,
        0.9999519082794706,
        0.9837594259772239,
        0.9959843413357956,
        0.9985091566635887,
        0.9984610649430594,
        0.9998797706986765,
        0.9856927131425054,
        0.9982398430286242
      ],
      "per_class_eer": [
        0.0029239766081871343,
        0.02412280701754386,
        0.0043859649122807015,
        0.052631578947368474,
        0.041666666666666664,
        0.019736842105263164,
        0.0043859649122807015,
        0.003654970760233918,
        0.046052631578947345,
        0.01827485380116959
      ],
      "macro_auc": 0.9955375692520777,
      "macro_eer": 0.021783625730994155,
      "accuracy": 0.9671052631578947
    },
    "margin_weighted": {
      "per_class_auc": [
        0.9999422899353648,
        0.9950609803016313,
        0.9999711449676824,
        0.9842355340104648,
        0.9968980840258541,
        0.9987977069867651,
        0.9984562557710065,
        0.9999374807633118,
        0.9861592028316405,
        0.9985091566635889
      ],
      "per_class_eer": [
        0.0021929824561403508,
        0.021929824561403508,
        0.0021929824561403508,
        0.052631578947368474,
        0.02631578947368418,
        0.01827485380116959,
        0.0043859649122807015,
        0.0021929824561403508,
        0.03947368421052633,
        0.013888888888888888
      ],
      "macro_auc": 0.9957967836257311,
      "macro_eer": 0.018347953216374273,
      "accuracy": 0.968421052631579
    }
  }
}