{
  "tag": "N47",
  "n_samples": 3680,
  "acc_hmm_baseline": 0.839945652173913,
  "acc_serial": 0.09891304347826087,
  "methods": {
    "hmm_baseline": {
      "per_class_auc": [
        0.9623618331232935,
        0.9819447726318,
        0.9931285772421761,
        0.5,
        0.8811871521214031,
        0.9446167428061332,
        0.9984616217706365,
        0.9751365259399286,
        0.9235897789329972,
        0.8756571951795842
      ],
      "per_class_eer": [
        0.08303140096618357,
        0.07065217391304346,
        0.040760869565217406,
        0.5,
        0.1793478260869565,
        0.14130434782608692,
        0.0196256038647343,
        0.07518115942028986,
        0.15489130434782605,
        0.15489130434782605
      ],
      "macro_auc": 0.9036084199747954,
      "macro_eer": 0.14196859903381642,
      "accuracy": 0.839945652173913
    },
    "serial": {
      "per_class_auc": [
        0.5900693788069733,
        0.5408585053035075,
        0.8698540222642303,
        0.841579040642722,
        0.26794774600924176,
        0.5820845804452845,
        0.39574636368409993,
        0.6942229179794162,
        0.5384044843520269,
        0.08932603444654483
      ],
      "per_class_eer": [
        0.4628623188405797,
        0.49184782608695654,
        0.18508454106280192,
        0.21467391304347827,
        0.7418478260869565,
        0.4592391304347826,
        0.6068840579710145,
        0.3363526570048309,
        0.48943236714975846,
        0.875
      ],
      "macro_auc": 0.5410093073934047,
      "macro_eer": 0.486322463768116,
      "accuracy": 0.09891304347826087
    }
  }
}