{
  "tag": "N74",
  "n_samples": 1520,
  "acc_hmm_baseline": 0.6723684210526316,
  "acc_serial": 0.6723684210526316,
  "methods": {
    "hmm_baseline": {
      "per_class_auc": [
        0.9576792859341335,
        0.9614785318559558,
        0.9950705986457371,
        0.9681536626654355,
        0.5,
        0.5,
        0.9998653431825177,
        0.9729724530624807,
        0.9029749538319483,
        0.5
      ],
      "per_class_eer": [
        0.08552631578947369,
        0.09868421052631582,
        0.029970760233918127,
        0.07821637426900585,
        0.5,
        0.5,
        0.006578947368421052,
        0.05921052631578947,
        0.1842105263157895,
        0.5
      ],
      "macro_auc": 0.8258194829178208,
      "macro_eer": 0.20423976608187133,
      "accuracy": 0.6723684210526316
    },
    "serial": {
      "per_class_auc": [
        0.936511715143121,
        0.9373076331178825,
        0.8140437442289935,
        0.9446488342566944,
        0.7160688865804863,
        0.8209785703293321,
        0.9963450292397661,
        0.9510450330871038,
        0.9619642582333026,
        0.6565794282856263
      ],
      "per_class_eer": [
        0.06578947368421051,
        0.09122807017543856,
        0.18896307934014137,
        0.07830918237104889,
        0.26200176172649203,
        0.2216047280863897,
        0.0065406976744185824,
        0.0735953183451239,
        0.04769736842105264,
        0.4089206066012489
      ],
      "macro_auc": 0.873549313250231,
      "macro_eer": 0.1444650286425565,
      "accuracy": 0.6723684210526316
    }
  }
}