{
  "tag": "LOO",
  "n_samples": 7440,
  "acc_hmm_baseline": 0.7001344086021506,
  "acc_serial": 0.6831989247311828,
  "methods": {
    "hmm_baseline": {
      "per_class_auc": [
        0.9372912411197186,
        0.8554750228028931,
        0.7553590813324598,
        0.9197727579296257,
        0.5337812014234143,
        0.8678750995619275,
        0.8960713987487314,
        0.6610144196181961,
        0.8890590073033491,
        0.5135947195244153
      ],
      "per_class_eer": [
        0.10170250896057348,
        0.1733870967741935,
        0.282258064516129,
        0.09991039426523297,
        0.5,
        0.20922939068100357,
        0.11155913978494625,
        0.418010752688172,
        0.18010752688172038,
        0.5018667861409797
      ],
      "macro_auc": 0.7829293949364732,
      "macro_eer": 0.2578031660692951,
      "accuracy": 0.7001344086021506
    },
    "serial": {
      "per_class_auc": [
        0.9692716964710114,
        0.9363543352796085,
        0.9526274914569444,
        0.9721833810267082,
        0.8591960494790664,
        0.9564623318688095,
        0.9843969799013373,
        0.8854580169833379,
        0.957577084216544,
        0.8455282643465525
      ],
      "per_class_eer": [
        0.06451612903225808,
        0.10815939278937382,
        0.07795698924731187,
        0.055256869772998804,
        0.2079775458570525,
        0.09005376344086025,
        0.043298771121351755,
        0.2078247602441151,
        0.06720430107526887,
        0.24010752688172043
      ],
      "macro_auc": 0.9319055631029919,
      "macro_eer": 0.11623560494623116,
      "accuracy": 0.6831989247311828
    }
  }
}