{
  "paralel": {
    "LOO": {
      "hmm": {
        "macro_auc": 0.7111123757081743,
        "macro_eer": 0.33003285543608124,
        "accuracy": 0.696505376344086
      },
      "vq": {
        "macro_auc": 0.9970183611464396,
        "macro_eer": 0.01750298685782556,
        "accuracy": 0.9674731182795699
      },
      "agreement": {
        "macro_auc": 0.9358075475970246,
        "macro_eer": 0.14396654719235363,
        "accuracy": 0.9665322580645161
      },
      "soft": {
        "macro_auc": 0.9932684896134427,
        "macro_eer": 0.028703703703703693,
        "accuracy": 0.9326612903225806
      },
      "conf_weighted": {
        "macro_auc": 0.9958232968487044,
        "macro_eer": 0.0233721624850657,
        "accuracy": 0.9583333333333334
      },
      "margin_weighted": {
        "macro_auc": 0.9947395170925347,
        "macro_eer": 0.02482078853046594,
        "accuracy": 0.9655913978494624
      }
    },
    "N47": {
      "hmm": {
        "macro_auc": 0.8371849401386264,
        "macro_eer": 0.18493357487922707,
        "accuracy": 0.7497282608695652
      },
      "vq": {
        "macro_auc": 0.9968082959199748,
        "macro_eer": 0.017270531400966176,
        "accuracy": 0.9703804347826087
      },
      "agreement": {
        "macro_auc": 0.9507089667349298,
        "macro_eer": 0.06829710144927537,
        "accuracy": 0.9703804347826087
      },
      "soft": {
        "macro_auc": 0.9967798256668766,
        "macro_eer": 0.017361111111111115,
        "accuracy": 0.9233695652173913
      },
      "conf_weighted": {
        "macro_auc": 0.9965710164618777,
        "macro_eer": 0.02028985507246377,
        "accuracy": 0.9635869565217391
      },
      "margin_weighted": {
        "macro_auc": 0.9967936915826507,
        "macro_eer": 0.017361111111111105,
        "accuracy": 0.9703804347826087
      }
    },
    "N74": {
      "hmm": {
        "macro_auc": 0.8850045206217297,
        "macro_eer": 0.1432748538011696,
        "accuracy": 0.8592105263157894
      },
      "vq": {
        "macro_auc": 0.995828043244075,
        "macro_eer": 0.018347953216374273,
        "accuracy": 0.968421052631579
      },
      "agreement": {
        "macro_auc": 0.9461132271468145,
        "macro_eer": 0.07214912280701755,
        "accuracy": 0.968421052631579
      },
      "soft": {
        "macro_auc": 0.9958593028624193,
        "macro_eer": 0.018421052631578953,
        "accuracy": 0.9539473684210527
      },
      "conf_weighted": {
        "macro_auc": 0.9955375692520777,
        "macro_eer": 0.021783625730994155,
        "accuracy": 0.9671052631578947
      },
      "margin_weighted": {
        "macro_auc": 0.9957967836257311,
        "macro_eer": 0.018347953216374273,
        "accuracy": 0.968421052631579
      }
    }
  },
  "serial": {
    "LOO": {
      "hmm_baseline": {
        "macro_auc": 0.7829293949364732,
        "macro_eer": 0.2578031660692951,
        "accuracy": 0.7001344086021506
      },
      "serial": {
        "macro_auc": 0.9319055631029919,
        "macro_eer": 0.11623560494623116,
        "accuracy": 0.6831989247311828
      }
    },
    "N47": {
      "hmm_baseline": {
        "macro_auc": 0.9036084199747954,
        "macro_eer": 0.14196859903381642,
        "accuracy": 0.839945652173913
      },
      "serial": {
        "macro_auc": 0.5410093073934047,
        "macro_eer": 0.486322463768116,
        "accuracy": 0.09891304347826087
      }
    },
    "N74": {
      "hmm_baseline": {
        "macro_auc": 0.8258194829178208,
        "macro_eer": 0.20423976608187133,
        "accuracy": 0.6723684210526316
      },
      "serial": {
        "macro_auc": 0.873549313250231,
        "macro_eer": 0.1444650286425565,
        "accuracy": 0.6723684210526316
      }
    }
  }
}