{
  "N74": {
    "hmm": 0.8592105263157894,
    "vq": 0.968421052631579,
    "agreement": 0.968421052631579,
    "soft": 0.9539473684210527,
    "conf_weighted": 0.9671052631578947,
    "margin_weighted": 0.968421052631579,
    "oracle": 0.9881578947368421,
    "both_wrong": 0.011842105263157895,
    "only_hmm_right": 0.019736842105263157,
    "only_vq_right": 0.12894736842105264
  },
  "N47": {
    "hmm": 0.7497282608695652,
    "vq": 0.9703804347826087,
    "agreement": 0.9703804347826087,
    "soft": 0.9233695652173913,
    "conf_weighted": 0.9635869565217391,
    "margin_weighted": 0.9703804347826087,
    "oracle": 0.9826086956521739,
    "both_wrong": 0.017391304347826087,
    "only_hmm_right": 0.012228260869565218,
    "only_vq_right": 0.2328804347826087
  },
  "LOO": {
    "hmm": 0.696505376344086,
    "vq": 0.9674731182795699,
    "agreement": 0.9665322580645161,
    "soft": 0.9326612903225806,
    "conf_weighted": 0.9583333333333334,
    "margin_weighted": 0.9655913978494624,
    "oracle": 0.9809139784946237,
    "both_wrong": 0.019086021505376343
  }
}