{
  "N74": {
    "E1 HMM": 0.05657894736842106,
    "VQ K=32 7D": 0.07704678362573099,
    "GMMHMM (E2)": 0.03092105263157896,
    "VQ opt K=128 5D": 0.018421052631578894,
    "Paralel marg_w": 0.016885964912280702,
    "Serial VQ-gated": 0.017251461988304094
  },
  "N47": {
    "E1 HMM": 0.06467391304347825,
    "VQ K=32 7D": 0.07010869565217392,
    "GMMHMM (E2)": 0.047826086956521685,
    "VQ opt K=128 5D": 0.01929347826086958,
    "Paralel marg_w": 0.017391304347826098,
    "Serial VQ-gated": 0.016576086956521685
  },
  "LOO": {
    "E1 HMM": 0.2058542413381123,
    "VQ K=32 7D": 0.07231182795698925,
    "GMMHMM (E2)": 0.1737903225806452,
    "VQ opt K=128 5D": 0.019011350059737156,
    "Paralel marg_w": 0.022968936678614098,
    "Serial VQ-gated": 0.01935483870967747
  }
}