{
  "resultados": [
    {
      "n_mix": 1,
      "accuracy": 0.8708333333333333,
      "tiempo": 615.0650041103363
    },
    {
      "n_mix": 2,
      "accuracy": 0.8483333333333334,
      "tiempo": 5014.313905715942
    },
    {
      "n_mix": 3,
      "accuracy": 0.7591666666666667,
      "tiempo": 4760.875324010849
    }
  ],
  "completada": true
}